ACTIVITY,count,mean,median,std,min,max
_T,945,68.17227251854959,81.7794,31.507136564890914,1.0741,100.0
