SIZE_CLASS,count,mean,std
S10T49,274,125.66646509792453,618.112013907015
S50T249,273,72.07347637044447,345.1131113086181
S_GE250,275,27.06272588240396,151.3619601202578
